epoch,loss,imid,cmid,teacher_entropy,student_entropy,marginal_entropy,teacher_max_prob,kl,grad_norm,val_loss,val_imid,val_cmid,val_teacher_entropy,val_student_entropy,val_marginal_entropy,val_teacher_max_prob,val_kl,emb_eff_rank,emb_top1_var,emb_mean_cos,iter,lr,teacher_temp,ema_decay,it_per_s,epoch_time_s,gpu_mem_gb
0,9.640625953674316,6.7881317138671875,7.131232261657715,5.4865546226501465,6.702542781829834,6.10779333114624,0.10790134966373444,1.3015773296356201,66.13178253173828,8.85330867767334,6.961400508880615,4.729771137237549,5.81757926940918,6.727162837982178,6.559213638305664,0.04756571352481842,1.143821358680725,6.598303020149648,0.3517443290202074,0.6238790847702587,184,1.6666666851961054e-05,0.06,0.999,1.1040417984040585,182.68761467933655,7.55342960357666
1,8.106767654418945,6.754702568054199,3.380168914794922,5.535848140716553,6.730845928192139,6.414801597595215,0.06701259315013885,1.2188540697097778,39.932373046875,,,,,,,,,,,,368,3.333333370392211e-05,0.06,0.999,1.1496048845109086,160.05502891540527,7.555061340332031
2,7.225950241088867,6.06742000579834,2.8963191509246826,4.86089563369751,6.516167640686035,5.989333629608154,0.12995792925357819,1.2065238952636719,33.05521774291992,,,,,,,,,,,,552,4.999999873689376e-05,0.06,0.999,1.1488293280626283,160.16310167312622,7.555061340332031
3,5.956101417541504,4.877560615539551,2.6963493824005127,3.8349201679229736,5.453490257263184,5.189167499542236,0.26272982358932495,1.042639970779419,21.208494186401367,,,,,,,,,,,,736,6.666666740784422e-05,0.06,0.999,1.1492142724463161,160.10943627357483,7.555061340332031
4,4.665805816650391,3.6305105686187744,2.5882444381713867,2.7200567722320557,4.068363666534424,4.199495792388916,0.43538549542427063,0.9104523062705994,17.144046783447266,,,,,,,,,,,,920,8.333333244081587e-05,0.06,0.999,1.1456053962841228,160.61380910873413,7.555061340332031
5,3.6335878372192383,2.649916648864746,2.459179162979126,1.8471932411193848,3.025392770767212,3.387460470199585,0.5770902037620544,0.8027239441871643,14.14543342590332,3.2768008708953857,2.280806541442871,2.489985466003418,1.4485470056533813,2.672616720199585,3.0153250694274902,0.6354710459709167,0.8322594165802002,6.865886008564622,0.7831762434080856,0.4054286780223043,1104,9.999999747378752e-05,0.06,0.999,1.1467287568867242,176.40615963935852,7.555061340332031
6,2.852942705154419,1.9232884645462036,2.3241355419158936,1.1639125347137451,2.2471742630004883,2.76873779296875,0.6961447596549988,0.7593762874603271,12.733685493469238,,,,,,,,,,,,1288,9.885760862239394e-05,0.06,0.999,1.1848710267936982,155.29122519493103,7.556693077087402
7,2.2577719688415527,1.3670097589492798,2.2269065380096436,0.6565090417861938,1.6699329614639282,2.3124191761016846,0.7936330437660217,0.7105008363723755,12.270501136779785,,,,,,,,,,,,1472,9.772213214179578e-05,0.06,0.999,1.1854870488088318,155.21050763130188,7.556693077087402
8,1.894585371017456,1.0356826782226562,2.1472554206848145,0.38190701603889465,1.2952542304992676,2.095348358154297,0.8642424941062927,0.6537758708000183,12.310348510742188,,,,,,,,,,,,1656,9.659969772094352e-05,0.06,0.999,1.1850301458859123,155.27034878730774,7.556693077087402
9,1.646133303642273,0.8234816789627075,2.0566279888153076,0.2338518500328064,1.047629952430725,1.9489461183547974,0.9116083383560181,0.5896299481391907,14.727194786071777,,,,,,,,,,,,1840,9.549015555900437e-05,0.06,0.999,1.1837615841709213,155.43672442436218,7.556693077087402
10,1.539635419845581,0.7495243549346924,1.9752806425094604,0.15685807168483734,0.9194755554199219,1.8950129747390747,0.9370394349098206,0.5926664471626282,14.189453125,1.611890435218811,0.7161440849304199,2.239366054534912,0.1243160292506218,0.9247889518737793,1.8541343212127686,0.9494124054908752,0.5918280482292175,7.049634408484732,0.7517680537940394,0.34611350722197465,2024,9.439335757575486e-05,0.06,0.999,1.18501379499236,171.36193299293518,7.556693077087402
11,1.4392614364624023,0.6821388006210327,1.8928061723709106,0.11983108520507812,0.8539258241653442,1.843811273574829,0.9511041641235352,0.562307596206665,12.56913948059082,,,,,,,,,,,,2208,9.330915739181795e-05,0.06,0.999,1.1853569108000697,155.22754645347595,7.556693077087402
12,1.4082690477371216,0.6569348573684692,1.8783345222473145,0.10108374804258347,0.8123229742050171,1.8647834062576294,0.9579062461853027,0.5558513402938843,15.197976112365723,,,,,,,,,,,,2392,9.223741030912712e-05,0.06,0.999,1.1847228769438212,155.31063413619995,7.556693077087402
13,1.352115273475647,0.6129003167152405,1.8480385541915894,0.08538654446601868,0.7512643337249756,1.8529573678970337,0.9648273587226868,0.5275138020515442,13.483186721801758,,,,,,,,,,,,2576,9.117797329161492e-05,0.06,0.999,1.1850014929983301,155.2741105556488,7.556693077087402
14,1.3056856393814087,0.5975880026817322,1.7702445983886719,0.07147732377052307,0.7164418697357178,1.8368791341781616,0.970398485660553,0.5261104702949524,12.94688892364502,,,,,,,,,,,,2760,9.013070494612325e-05,0.06,0.999,1.1849051055907553,155.28672456741333,7.556693077087402
15,1.2625491619110107,0.5675095915794373,1.7375969886779785,0.06729134917259216,0.6900069713592529,1.8418209552764893,0.9721965789794922,0.5002183318138123,13.979789733886719,1.332963228225708,0.6288347840309143,1.760320782661438,0.06207508593797684,0.6763629913330078,1.8546332120895386,0.972158670425415,0.5667597651481628,7.651672792016126,0.7101512655130701,0.2755389062381444,2944,8.909546550353295e-05,0.06,0.999,1.184028049545691,171.47483825683594,7.556693077087402
16,1.2287184000015259,0.5453746318817139,1.7083595991134644,0.05446989834308624,0.6575889587402344,1.8316909074783325,0.9774590730667114,0.4909045994281769,14.127469062805176,,,,,,,,,,,,3128,8.807211680011013e-05,0.06,0.999,1.185479120119159,155.21154475212097,7.556693077087402
17,1.1769108772277832,0.5098674893379211,1.6676080226898193,0.04809090495109558,0.6249093413352966,1.8251087665557861,0.980463445186615,0.461776465177536,13.54975700378418,,,,,,,,,,,,3312,8.70605222590667e-05,0.06,0.999,1.1811889536716709,155.77527475357056,7.556693077087402
18,1.158796787261963,0.5062249898910522,1.6314277648925781,0.048269882798194885,0.601887047290802,1.811092734336853,0.9798641204833984,0.45795515179634094,14.204962730407715,,,,,,,,,,,,3496,8.606054687233283e-05,0.06,0.999,1.1848986345980925,155.28757119178772,7.556693077087402
19,1.1524430513381958,0.49008750915527344,1.6558895111083984,0.040304459631443024,0.5687344670295715,1.8237285614013672,0.9836005568504333,0.44978320598602295,14.98727798461914,,,,,,,,,,,,3680,8.507205718253859e-05,0.06,0.999,1.1854499739000437,155.2153491973877,7.556693077087402
20,1.1135103702545166,0.4666541516780853,1.6171406507492065,0.04161757230758667,0.5537492632865906,1.8174487352371216,0.9828212857246399,0.4250365197658539,14.772636413574219,1.1626962423324585,0.49967771768569946,1.6575461626052856,0.0390617810189724,0.5571139454841614,1.8260301351547241,0.9838396310806274,0.460615873336792,8.07034927495558,0.6752361898035676,0.26364737734803845,3864,8.40949212652027e-05,0.06,0.999,1.1837496585905058,171.4914412498474,7.556693077087402
21,1.0730000734329224,0.4673048257827759,1.5142384767532349,0.03766948729753494,0.5528678297996521,1.8317344188690186,0.9841869473457336,0.4296354353427887,14.556779861450195,,,,,,,,,,,,4048,8.312900871112578e-05,0.06,0.999,1.1855207241590664,155.206125497818,7.558324813842773
22,1.0800009965896606,0.46609482169151306,1.5347658395767212,0.03702830895781517,0.5436573624610901,1.8126274347305298,0.9845150113105774,0.42906638979911804,15.518949508666992,,,,,,,,,,,,4232,8.217419060898587e-05,0.06,0.999,1.1849507156319736,155.28075909614563,7.558324813842773
23,1.0149890184402466,0.4127252995967865,1.5056592226028442,0.03275345638394356,0.5218947529792786,1.8234930038452148,0.9865370988845825,0.37997183203697205,13.723319053649902,,,,,,,,,,,,4416,8.123033952813382e-05,0.06,0.999,1.183643733378273,155.4522213935852,7.558324813842773
24,1.0521799325942993,0.45200008153915405,1.500449776649475,0.033674802631139755,0.5160638689994812,1.8207160234451294,0.9857485294342041,0.41832542419433594,15.661057472229004,,,,,,,,,,,,4600,8.029732950158634e-05,0.06,0.999,1.1838822806435738,155.42089128494263,7.558324813842773
25,0.9973729252815247,0.4325733184814453,1.4119986295700073,0.03053808957338333,0.5050016641616821,1.825973391532898,0.987221360206604,0.40203508734703064,13.45573616027832,0.9726407527923584,0.41582244634628296,1.3920457363128662,0.026756128296256065,0.5044288039207458,1.8164125680923462,0.9887595176696777,0.38906633853912354,8.314673062721218,0.6570317639438061,0.2714380258981643,4784,7.937503600921432e-05,0.06,0.999,1.1849815003010145,171.29391860961914,7.558324813842773
26,0.9701606035232544,0.41037261486053467,1.3994706869125366,0.028526965528726578,0.5000970959663391,1.8207077980041504,0.9881765246391296,0.3818456530570984,14.175943374633789,,,,,,,,,,,,4968,7.846333596112436e-05,0.06,0.999,1.1833554254158676,155.4901146888733,7.5599565505981445
27,0.9499958753585815,0.4035351574420929,1.3661528825759888,0.0320991650223732,0.4881848692893982,1.8268890380859375,0.9862056374549866,0.3714359998703003,14.21838092803955,,,,,,,,,,,,5152,7.756210768123101e-05,0.06,0.999,0.9044123558925213,203.44706964492798,7.5599565505981445
28,0.9698342084884644,0.40052419900894165,1.4232752323150635,0.028352584689855576,0.4838777184486389,1.8149588108062744,0.9878897666931152,0.37217146158218384,14.288739204406738,,,,,,,,,,,,5336,7.66712308910179e-05,0.06,0.999,0.8346072685079581,220.46301674842834,7.5599565505981445
29,0.9582887887954712,0.4170919954776764,1.3529919385910034,0.02793370932340622,0.4739428162574768,1.8201580047607422,0.9884751439094543,0.3891582489013672,14.274951934814453,,,,,,,,,,,,5520,7.579058669348528e-05,0.06,0.999,0.8344557832028958,220.50313639640808,7.5599565505981445
30,0.9012899994850159,0.3843977153301239,1.2922310829162598,0.026219520717859268,0.45158740878105164,1.8190420866012573,0.9888536334037781,0.3581782281398773,15.137165069580078,0.9864546656608582,0.3936738073825836,1.48195219039917,0.027829274535179138,0.4792289137840271,1.829297423362732,0.9887099862098694,0.36584457755088806,8.371772624005624,0.6489640003628143,0.26802699600078167,5704,7.492005755728184e-05,0.06,0.999,0.8333928020283448,242.91553401947021,7.5599565505981445
31,0.9149115085601807,0.39727291464805603,1.2940964698791504,0.028690537437796593,0.45052316784858704,1.8101022243499756,0.9877229332923889,0.36858242750167847,14.36629581451416,,,,,,,,,,,,5888,7.405952730101906e-05,0.06,0.999,0.8982015307275608,204.85388588905334,7.561588287353516
32,0.9165360331535339,0.39282310009002686,1.3092823028564453,0.025286942720413208,0.4524765908718109,1.8012558221817017,0.989377498626709,0.36753639578819275,15.63932991027832,,,,,,,,,,,,6072,7.320888107776541e-05,0.06,0.999,1.1831907858904123,155.5117428302765,7.561588287353516
33,0.8687203526496887,0.361943781375885,1.266940712928772,0.02563261240720749,0.4282365143299103,1.8059749603271484,0.9893328547477722,0.3363112211227417,13.731142044067383,,,,,,,,,,,,6256,7.236800535971894e-05,0.06,0.999,1.1845128623223902,155.33816075325012,7.561588287353516
